[{"model": "setting.category", "pk": 1, "fields": {"name": "Logistics", "name_en": "Logistics", "name_sv": "Logistics", "rule": null, "parent": null, "user": 1, "is_active": true, "create_date": "2020-12-08T10:02:26Z", "update_date": "2020-12-08T10:02:26Z", "is_vendor_category": true, "is_sales_channel_category": false, "extra_data": "{}", "lft": 1, "rght": 2, "tree_id": 1, "level": 0}}, {"model": "setting.category", "pk": 2, "fields": {"name": "Manufacturer", "name_en": "Manufacturer", "name_sv": "Manufacturer", "rule": null, "parent": null, "user": 1, "is_active": true, "create_date": "2020-12-08T10:03:31Z", "update_date": "2020-12-08T10:03:31Z", "is_vendor_category": true, "is_sales_channel_category": false, "extra_data": "{}", "lft": 1, "rght": 2, "tree_id": 2, "level": 0}}, {"model": "setting.status", "pk": 1, "fields": {"name": "Basic", "name_en": "Basic", "name_sv": null, "parent": null, "user": 1, "is_active": true, "create_date": "2020-12-09T05:05:39.353Z", "update_date": "2020-12-09T05:05:39.353Z", "lft": 1, "rght": 16, "tree_id": 1, "level": 0}}, {"model": "setting.status", "pk": 2, "fields": {"name": "Draft", "name_en": "Draft", "name_sv": null, "parent": 1, "user": 1, "is_active": true, "create_date": "2020-12-09T05:05:39.358Z", "update_date": "2020-12-09T05:05:39.358Z", "lft": 8, "rght": 9, "tree_id": 1, "level": 1}}, {"model": "setting.status", "pk": 3, "fields": {"name": "Active", "name_en": "Active", "name_sv": null, "parent": 1, "user": 1, "is_active": true, "create_date": "2020-12-19T05:34:35.236Z", "update_date": "2020-12-19T05:34:35.237Z", "lft": 2, "rght": 3, "tree_id": 1, "level": 1}}, {"model": "setting.status", "pk": 4, "fields": {"name": "Archive", "name_en": "Archive", "name_sv": null, "parent": 1, "user": 1, "is_active": true, "create_date": "2020-12-19T05:39:28.857Z", "update_date": "2020-12-19T05:39:28.857Z", "lft": 4, "rght": 5, "tree_id": 1, "level": 1}}, {"model": "setting.status", "pk": 5, "fields": {"name": "Discontinued", "name_en": "Discontinued", "name_sv": null, "parent": 1, "user": 1, "is_active": true, "create_date": "2020-12-22T06:46:06.857Z", "update_date": "2020-12-22T06:46:06.857Z", "lft": 6, "rght": 7, "tree_id": 1, "level": 1}}, {"model": "setting.status", "pk": 6, "fields": {"name": "Order", "name_en": "Order", "name_sv": null, "parent": null, "user": 1, "is_active": true, "create_date": "2021-04-01T07:54:14Z", "update_date": "2021-04-01T07:54:14Z", "lft": 1, "rght": 18, "tree_id": 2, "level": 0}}, {"model": "setting.status", "pk": 7, "fields": {"name": "PendingAvailability", "name_en": "PendingAvailability", "name_sv": null, "parent": 6, "user": 1, "is_active": true, "create_date": "2021-04-01T07:57:04Z", "update_date": "2021-04-01T07:57:04Z", "lft": 10, "rght": 11, "tree_id": 2, "level": 1}}, {"model": "setting.status", "pk": 8, "fields": {"name": "Pending", "name_en": "Pending", "name_sv": null, "parent": 6, "user": 1, "is_active": true, "create_date": "2021-04-01T07:57:34Z", "update_date": "2021-04-01T07:57:34Z", "lft": 8, "rght": 9, "tree_id": 2, "level": 1}}, {"model": "setting.status", "pk": 9, "fields": {"name": "Unshipped", "name_en": "Unshipped", "name_sv": null, "parent": 6, "user": 1, "is_active": true, "create_date": "2021-04-01T07:57:58Z", "update_date": "2021-04-01T07:57:58Z", "lft": 16, "rght": 17, "tree_id": 2, "level": 1}}, {"model": "setting.status", "pk": 10, "fields": {"name": "PartiallyShipped", "name_en": "PartiallyShipped", "name_sv": null, "parent": 6, "user": 1, "is_active": true, "create_date": "2021-04-01T07:58:23Z", "update_date": "2021-04-01T07:58:23Z", "lft": 6, "rght": 7, "tree_id": 2, "level": 1}}, {"model": "setting.status", "pk": 11, "fields": {"name": "Shipped", "name_en": "Shipped", "name_sv": null, "parent": 6, "user": 1, "is_active": true, "create_date": "2021-04-01T07:58:46Z", "update_date": "2021-04-01T07:58:46Z", "lft": 12, "rght": 13, "tree_id": 2, "level": 1}}, {"model": "setting.status", "pk": 12, "fields": {"name": "InvoiceUnconfirmed", "name_en": "InvoiceUnconfirmed", "name_sv": null, "parent": 6, "user": 1, "is_active": true, "create_date": "2021-04-01T07:59:16Z", "update_date": "2021-04-01T07:59:16Z", "lft": 4, "rght": 5, "tree_id": 2, "level": 1}}, {"model": "setting.status", "pk": 13, "fields": {"name": "Canceled", "name_en": "Canceled", "name_sv": null, "parent": 6, "user": 1, "is_active": true, "create_date": "2021-04-01T07:59:39Z", "update_date": "2021-04-01T07:59:39Z", "lft": 2, "rght": 3, "tree_id": 2, "level": 1}}, {"model": "setting.status", "pk": 14, "fields": {"name": "Unfulfillable", "name_en": "Unfulfillable", "name_sv": null, "parent": 6, "user": 1, "is_active": true, "create_date": "2021-04-01T07:59:59Z", "update_date": "2021-04-01T07:59:59Z", "lft": 14, "rght": 15, "tree_id": 2, "level": 1}}, {"model": "setting.status", "pk": 15, "fields": {"name": "Inactive", "name_en": "Inactive", "name_sv": null, "parent": 1, "user": 1, "is_active": true, "create_date": "2021-04-03T05:53:20.437Z", "update_date": "2021-04-03T05:53:20.437Z", "lft": 10, "rght": 11, "tree_id": 1, "level": 1}}, {"model": "setting.status", "pk": 16, "fields": {"name": "Incomplete", "name_en": "Incomplete", "name_sv": null, "parent": 1, "user": 1, "is_active": true, "create_date": "2021-04-03T12:04:04.848Z", "update_date": "2021-04-03T12:04:04.848Z", "lft": 12, "rght": 13, "tree_id": 1, "level": 1}}, {"model": "setting.status", "pk": 17, "fields": {"name": "Pending", "name_en": "Pending", "name_sv": null, "parent": 1, "user": 1, "is_active": true, "create_date": "2021-04-03T12:04:04.866Z", "update_date": "2021-04-03T12:04:04.866Z", "lft": 14, "rght": 15, "tree_id": 1, "level": 1}}, {"model": "setting.status", "pk": 18, "fields": {"name": "order_email_status", "name_en": "order_email_status", "name_sv": null, "parent": null, "user": 1, "is_active": true, "create_date": "2021-04-03T12:05:23.214Z", "update_date": "2021-04-03T12:05:23.214Z", "lft": 1, "rght": 8, "tree_id": 5, "level": 0}}, {"model": "setting.status", "pk": 19, "fields": {"name": "queued", "name_en": "queued", "name_sv": null, "parent": 18, "user": 1, "is_active": true, "create_date": "2021-04-03T12:05:23.221Z", "update_date": "2021-04-03T12:05:23.221Z", "lft": 2, "rght": 3, "tree_id": 5, "level": 1}}, {"model": "setting.status", "pk": 20, "fields": {"name": "scheduled", "name_en": "scheduled", "name_sv": null, "parent": 18, "user": 1, "is_active": true, "create_date": "2021-04-05T00:00:00.046Z", "update_date": "2021-04-05T00:00:00.046Z", "lft": 4, "rght": 5, "tree_id": 5, "level": 1}}, {"model": "setting.status", "pk": 21, "fields": {"name": "send", "name_en": "send", "name_sv": null, "parent": 18, "user": 1, "is_active": true, "create_date": "2021-04-05T10:05:00.827Z", "update_date": "2021-04-05T10:05:00.827Z", "lft": 6, "rght": 7, "tree_id": 5, "level": 1}}, {"model": "setting.status", "pk": 22, "fields": {"name": "Subscription", "name_en": "Subscription", "name_sv": null, "parent": null, "user": 1, "is_active": true, "create_date": "2021-04-05T14:10:12.110Z", "update_date": "2021-04-05T14:10:12.110Z", "lft": 1, "rght": 4, "tree_id": 3, "level": 0}}, {"model": "setting.status", "pk": 23, "fields": {"name": "Active", "name_en": "Active", "name_sv": null, "parent": 22, "user": 1, "is_active": true, "create_date": "2021-04-05T14:10:12.119Z", "update_date": "2021-04-05T14:10:12.119Z", "lft": 2, "rght": 3, "tree_id": 3, "level": 1}}, {"model": "setting.status", "pk": 24, "fields": {"name": "", "name_en": null, "name_sv": "Subscription", "parent": null, "user": 1, "is_active": true, "create_date": "2021-04-06T08:20:45.026Z", "update_date": "2021-04-06T08:20:45.026Z", "lft": 1, "rght": 4, "tree_id": 4, "level": 0}}, {"model": "setting.status", "pk": 25, "fields": {"name": "", "name_en": null, "name_sv": "Active", "parent": 24, "user": 1, "is_active": true, "create_date": "2021-04-06T08:20:45.035Z", "update_date": "2021-04-06T08:20:45.035Z", "lft": 2, "rght": 3, "tree_id": 4, "level": 1}}, {"model": "setting.deliverytermname", "pk": 1, "fields": {"name": "Ex Works", "code": "EXW", "detail": "The delivery is completed when buyer pick up the goods from seller at the named place (warehouse, storage or factory etc.), seller don’t clear the customs for export. Buyer controls freight from door to door. The contractual shipper on the waybill should be the buyer.\r\n\r\nThe buyer will designate one freight forwarder that will arrange to pick up the shipment from the named place and undertake booking, customs declaration, inspection, and delivery to the destination. And the relevant expenses should be at the buyer’s cost.", "extra_data": "{}", "is_active": true}}, {"model": "setting.deliverytermname", "pk": 2, "fields": {"name": "Free Carrier", "code": "FCA", "detail": "", "extra_data": "{}", "is_active": true}}, {"model": "setting.deliverytermname", "pk": 3, "fields": {"name": "Free Alongside Ship", "code": "FAS", "detail": "", "extra_data": "{}", "is_active": true}}, {"model": "setting.deliverytermname", "pk": 4, "fields": {"name": "Free Onboard Vessel", "code": "FOB", "detail": "The seller’s delivery is completed when the goods across the ship’s rail. Buyer controls ocean freight routing. Fob terms requires that the seller also clears the goods for export. Generally, if you are importing from China this is the term most often used.\r\n\r\nThe buyer will designate one freight forwarder that will arrange the transportation after the shipment is loaded on board the ship and undertake booking, customs clearance, inspection, and delivery to the destination. And the relevant expenses should be at the buyer’s cost.", "extra_data": "{}", "is_active": true}}, {"model": "setting.deliverytermname", "pk": 5, "fields": {"name": "Cost and Freight", "code": "CFR", "detail": "The seller’s delivery is completed when the goods across the ship’s rail at destination port. The seller have to pay for the shipment’s delivery to the destination port and declaration the customs for export.\r\n\r\nThe seller will designate one freight forwarder that will arrange a trailer for transportation and undertake booking, customs declaration, inspection, and delivery to the destination. And the seller’s burdens the relevant expenses.", "extra_data": "{}", "is_active": true}}, {"model": "setting.deliverytermname", "pk": 6, "fields": {"name": "Cost, Insurance and Freight", "code": "CIF", "detail": "This term is the same as CFR terms except the seller agrees to purchase marine insurance in the buyer’s interest.", "extra_data": "{}", "is_active": true}}, {"model": "setting.deliverytermname", "pk": 7, "fields": {"name": "Carriage Paid To", "code": "CPT", "detail": "", "extra_data": "{}", "is_active": true}}, {"model": "setting.deliverytermname", "pk": 8, "fields": {"name": "Carriage and Insurance Paid to", "code": "CIP", "detail": "", "extra_data": "{}", "is_active": true}}, {"model": "setting.deliverytermname", "pk": 9, "fields": {"name": "Delivered At Terminal", "code": "DAT", "detail": "", "extra_data": "{}", "is_active": true}}, {"model": "setting.deliverytermname", "pk": 10, "fields": {"name": "Delivered At Place", "code": "DAP", "detail": "", "extra_data": "{}", "is_active": true}}, {"model": "setting.deliverytermname", "pk": 11, "fields": {"name": "Delivered Duty Paid", "code": "DDP", "detail": "The seller takes responsibility for carriage, delivery the good at the named place, customs clearance. And the seller should pay for the tariff and other fee .", "extra_data": "{}", "is_active": true}}, {"model": "setting.deliveryterms", "pk": 1, "fields": {"deliverytermname": 1, "service_name": "Loading on Truck", "who_pays": "Buyer", "create_date": "2020-12-17T09:08:00Z", "update_date": "2020-12-17T09:08:00Z"}}, {"model": "setting.deliveryterms", "pk": 2, "fields": {"deliverytermname": 1, "service_name": "Export-Customs Declaration", "who_pays": "Buyer", "create_date": "2020-12-17T09:08:19Z", "update_date": "2020-12-17T09:08:19Z"}}, {"model": "setting.deliveryterms", "pk": 3, "fields": {"deliverytermname": 1, "service_name": "Carriage to Port of Export", "who_pays": "Buyer", "create_date": "2020-12-17T09:08:26Z", "update_date": "2020-12-17T09:08:26Z"}}, {"model": "setting.deliveryterms", "pk": 4, "fields": {"deliverytermname": 1, "service_name": "Unloading of Truck in Port of Export", "who_pays": "Buyer", "create_date": "2020-12-17T09:08:32Z", "update_date": "2020-12-17T09:08:32Z"}}, {"model": "setting.deliveryterms", "pk": 5, "fields": {"deliverytermname": 1, "service_name": "Loading Charges in Port of Export", "who_pays": "Buyer", "create_date": "2020-12-17T09:08:38Z", "update_date": "2020-12-17T09:08:39Z"}}, {"model": "setting.deliveryterms", "pk": 6, "fields": {"deliverytermname": 1, "service_name": "Carriage to Port of Import", "who_pays": "Buyer", "create_date": "2020-12-17T09:08:46Z", "update_date": "2020-12-17T09:08:46Z"}}, {"model": "setting.deliveryterms", "pk": 7, "fields": {"deliverytermname": 1, "service_name": "Unloading Charges in Port of Import", "who_pays": "Buyer", "create_date": "2020-12-17T09:08:58Z", "update_date": "2020-12-17T09:08:58Z"}}, {"model": "setting.deliveryterms", "pk": 8, "fields": {"deliverytermname": 1, "service_name": "Loading on Truck in Port of Import", "who_pays": "Buyer", "create_date": "2020-12-17T09:09:09Z", "update_date": "2020-12-17T09:09:09Z"}}, {"model": "setting.deliveryterms", "pk": 9, "fields": {"deliverytermname": 1, "service_name": "Carriage to Place of Destination", "who_pays": "Buyer", "create_date": "2020-12-17T09:09:15Z", "update_date": "2020-12-17T09:09:15Z"}}, {"model": "setting.deliveryterms", "pk": 10, "fields": {"deliverytermname": 1, "service_name": "Insurance", "who_pays": "Buyer", "create_date": "2020-12-17T09:09:21Z", "update_date": "2020-12-17T09:09:21Z"}}, {"model": "setting.deliveryterms", "pk": 11, "fields": {"deliverytermname": 1, "service_name": "Import Customs Clearance", "who_pays": "Buyer", "create_date": "2020-12-17T09:09:29Z", "update_date": "2020-12-17T09:09:29Z"}}, {"model": "setting.deliveryterms", "pk": 12, "fields": {"deliverytermname": 1, "service_name": "Import Taxes", "who_pays": "Buyer", "create_date": "2020-12-17T09:09:35Z", "update_date": "2020-12-17T09:09:35Z"}}, {"model": "setting.deliveryterms", "pk": 13, "fields": {"deliverytermname": 3, "service_name": "Loading on Truck", "who_pays": "Seller", "create_date": "2020-12-17T09:10:36Z", "update_date": "2020-12-17T09:10:36Z"}}, {"model": "setting.deliveryterms", "pk": 14, "fields": {"deliverytermname": 3, "service_name": "Export-Customs Declaration", "who_pays": "Seller", "create_date": "2020-12-17T09:10:59Z", "update_date": "2020-12-17T09:10:59Z"}}, {"model": "setting.deliveryterms", "pk": 15, "fields": {"deliverytermname": 3, "service_name": "Carriage to Port of Export", "who_pays": "Seller", "create_date": "2020-12-17T09:11:16Z", "update_date": "2020-12-17T09:11:16Z"}}, {"model": "setting.deliveryterms", "pk": 16, "fields": {"deliverytermname": 3, "service_name": "Unloading of Truck in Port of Export", "who_pays": "Buyer", "create_date": "2020-12-17T09:11:26Z", "update_date": "2020-12-17T09:11:26Z"}}, {"model": "setting.deliveryterms", "pk": 17, "fields": {"deliverytermname": 3, "service_name": "Loading Charges in Port of Export", "who_pays": "Buyer", "create_date": "2020-12-17T09:11:34Z", "update_date": "2020-12-17T09:11:34Z"}}, {"model": "setting.deliveryterms", "pk": 18, "fields": {"deliverytermname": 3, "service_name": "Carriage to Port of Import", "who_pays": "Buyer", "create_date": "2020-12-17T09:11:40Z", "update_date": "2020-12-17T09:11:40Z"}}, {"model": "setting.deliveryterms", "pk": 19, "fields": {"deliverytermname": 3, "service_name": "Unloading Charges in Port of Import", "who_pays": "Buyer", "create_date": "2020-12-17T09:11:48Z", "update_date": "2020-12-17T09:11:48Z"}}, {"model": "setting.deliveryterms", "pk": 20, "fields": {"deliverytermname": 3, "service_name": "Loading on Truck in Port of Import", "who_pays": "Buyer", "create_date": "2020-12-17T09:11:55Z", "update_date": "2020-12-17T09:11:56Z"}}, {"model": "setting.deliveryterms", "pk": 21, "fields": {"deliverytermname": 3, "service_name": "Carriage to Place of Destination", "who_pays": "Buyer", "create_date": "2020-12-17T09:12:08Z", "update_date": "2020-12-17T09:12:08Z"}}, {"model": "setting.deliveryterms", "pk": 22, "fields": {"deliverytermname": 3, "service_name": "Insurance", "who_pays": "Buyer", "create_date": "2020-12-17T09:12:16Z", "update_date": "2020-12-17T09:12:16Z"}}, {"model": "setting.deliveryterms", "pk": 23, "fields": {"deliverytermname": 3, "service_name": "Import Customs Clearance", "who_pays": "Buyer", "create_date": "2020-12-17T09:12:23Z", "update_date": "2020-12-17T09:12:23Z"}}, {"model": "setting.deliveryterms", "pk": 24, "fields": {"deliverytermname": 3, "service_name": "Import Taxes", "who_pays": "Buyer", "create_date": "2020-12-17T09:12:30Z", "update_date": "2020-12-17T09:12:30Z"}}, {"model": "setting.deliveryterms", "pk": 25, "fields": {"deliverytermname": 4, "service_name": "Loading on Truck", "who_pays": "Seller", "create_date": "2020-12-17T09:13:24Z", "update_date": "2020-12-17T09:13:24Z"}}, {"model": "setting.deliveryterms", "pk": 26, "fields": {"deliverytermname": 4, "service_name": "Export-Customs Declaration", "who_pays": "Seller", "create_date": "2020-12-17T09:13:43Z", "update_date": "2020-12-17T09:13:43Z"}}, {"model": "setting.deliveryterms", "pk": 27, "fields": {"deliverytermname": 4, "service_name": "Carriage to Port of Export", "who_pays": "Seller", "create_date": "2020-12-17T09:13:53Z", "update_date": "2020-12-17T09:13:53Z"}}, {"model": "setting.deliveryterms", "pk": 29, "fields": {"deliverytermname": 4, "service_name": "Unloading of Truck in Port of Export", "who_pays": "Seller", "create_date": "2020-12-17T09:14:12Z", "update_date": "2020-12-17T09:14:12Z"}}, {"model": "setting.deliveryterms", "pk": 30, "fields": {"deliverytermname": 4, "service_name": "Loading Charges in Port of Export", "who_pays": "Seller", "create_date": "2020-12-17T09:14:23Z", "update_date": "2020-12-17T09:14:23Z"}}, {"model": "setting.deliveryterms", "pk": 31, "fields": {"deliverytermname": 4, "service_name": "Carriage to Port of Import", "who_pays": "Buyer", "create_date": "2020-12-17T09:14:38Z", "update_date": "2020-12-17T09:14:38Z"}}, {"model": "setting.deliveryterms", "pk": 32, "fields": {"deliverytermname": 4, "service_name": "Unloading Charges in Port of Import", "who_pays": "Buyer", "create_date": "2020-12-17T09:14:46Z", "update_date": "2020-12-17T09:14:46Z"}}, {"model": "setting.deliveryterms", "pk": 33, "fields": {"deliverytermname": 4, "service_name": "Loading on Truck in Port of Import", "who_pays": "Buyer", "create_date": "2020-12-17T09:14:54Z", "update_date": "2020-12-17T09:14:54Z"}}, {"model": "setting.deliveryterms", "pk": 34, "fields": {"deliverytermname": 4, "service_name": "Carriage to Place of Destination", "who_pays": "Buyer", "create_date": "2020-12-17T09:15:03Z", "update_date": "2020-12-17T09:15:03Z"}}, {"model": "setting.deliveryterms", "pk": 35, "fields": {"deliverytermname": 4, "service_name": "Insurance", "who_pays": "Buyer", "create_date": "2020-12-17T09:15:09Z", "update_date": "2020-12-17T09:15:09Z"}}, {"model": "setting.deliveryterms", "pk": 36, "fields": {"deliverytermname": 4, "service_name": "Import Customs Clearance", "who_pays": "Buyer", "create_date": "2020-12-17T09:15:17Z", "update_date": "2020-12-17T09:15:17Z"}}, {"model": "setting.deliveryterms", "pk": 38, "fields": {"deliverytermname": 4, "service_name": "Import Taxes", "who_pays": "Buyer", "create_date": "2020-12-17T09:15:42Z", "update_date": "2020-12-17T09:15:42Z"}}, {"model": "setting.deliveryterms", "pk": 39, "fields": {"deliverytermname": 5, "service_name": "Loading on Truck", "who_pays": "Seller", "create_date": "2020-12-17T09:16:22Z", "update_date": "2020-12-17T09:16:22Z"}}, {"model": "setting.deliveryterms", "pk": 40, "fields": {"deliverytermname": 5, "service_name": "Export-Customs Declaration", "who_pays": "Seller", "create_date": "2020-12-17T09:16:34Z", "update_date": "2020-12-17T09:16:34Z"}}, {"model": "setting.deliveryterms", "pk": 41, "fields": {"deliverytermname": 5, "service_name": "Carriage to Port of Export", "who_pays": "Seller", "create_date": "2020-12-17T09:16:41Z", "update_date": "2020-12-17T09:16:41Z"}}, {"model": "setting.deliveryterms", "pk": 42, "fields": {"deliverytermname": 5, "service_name": "Unloading of Truck in Port of Export", "who_pays": "Seller", "create_date": "2020-12-17T09:16:49Z", "update_date": "2020-12-17T09:16:49Z"}}, {"model": "setting.deliveryterms", "pk": 43, "fields": {"deliverytermname": 5, "service_name": "Loading Charges in Port of Export", "who_pays": "Seller", "create_date": "2020-12-17T09:16:57Z", "update_date": "2020-12-17T09:16:57Z"}}, {"model": "setting.deliveryterms", "pk": 44, "fields": {"deliverytermname": 5, "service_name": "Carriage to Port of Import", "who_pays": "Seller", "create_date": "2020-12-17T09:17:10Z", "update_date": "2020-12-17T09:17:10Z"}}, {"model": "setting.deliveryterms", "pk": 45, "fields": {"deliverytermname": 5, "service_name": "Unloading Charges in Port of Import", "who_pays": "Buyer", "create_date": "2020-12-17T09:17:17Z", "update_date": "2020-12-17T09:17:17Z"}}, {"model": "setting.deliveryterms", "pk": 46, "fields": {"deliverytermname": 5, "service_name": "Loading on Truck in Port of Import", "who_pays": "Buyer", "create_date": "2020-12-17T09:17:30Z", "update_date": "2020-12-17T09:17:30Z"}}, {"model": "setting.deliveryterms", "pk": 47, "fields": {"deliverytermname": 5, "service_name": "Carriage to Place of Destination", "who_pays": "Buyer", "create_date": "2020-12-17T09:17:38Z", "update_date": "2020-12-17T09:17:38Z"}}, {"model": "setting.deliveryterms", "pk": 48, "fields": {"deliverytermname": 5, "service_name": "Insurance", "who_pays": "Buyer", "create_date": "2020-12-17T09:17:44Z", "update_date": "2020-12-17T09:17:44Z"}}, {"model": "setting.deliveryterms", "pk": 49, "fields": {"deliverytermname": 5, "service_name": "Import Customs Clearance", "who_pays": "Buyer", "create_date": "2020-12-17T09:17:59Z", "update_date": "2020-12-17T09:17:59Z"}}, {"model": "setting.deliveryterms", "pk": 50, "fields": {"deliverytermname": 5, "service_name": "Import Taxes", "who_pays": "Buyer", "create_date": "2020-12-17T09:18:05Z", "update_date": "2020-12-17T09:18:05Z"}}, {"model": "setting.deliveryterms", "pk": 51, "fields": {"deliverytermname": 2, "service_name": "Loading on Truck", "who_pays": "Seller", "create_date": "2020-12-17T09:18:26Z", "update_date": "2020-12-17T09:18:26Z"}}, {"model": "setting.deliveryterms", "pk": 52, "fields": {"deliverytermname": 2, "service_name": "Export-Customs Declaration", "who_pays": "Seller", "create_date": "2020-12-17T09:18:37Z", "update_date": "2020-12-17T09:18:37Z"}}, {"model": "setting.deliveryterms", "pk": 53, "fields": {"deliverytermname": 2, "service_name": "Carriage to Port of Export", "who_pays": "Seller", "create_date": "2020-12-17T09:18:46Z", "update_date": "2020-12-17T09:18:46Z"}}, {"model": "setting.deliveryterms", "pk": 54, "fields": {"deliverytermname": 2, "service_name": "Unloading of Truck in Port of Export", "who_pays": "Buyer", "create_date": "2020-12-17T09:18:53Z", "update_date": "2020-12-17T09:18:53Z"}}, {"model": "setting.deliveryterms", "pk": 55, "fields": {"deliverytermname": 2, "service_name": "Loading Charges in Port of Export", "who_pays": "Buyer", "create_date": "2020-12-17T09:19:03Z", "update_date": "2020-12-17T09:19:03Z"}}, {"model": "setting.deliveryterms", "pk": 56, "fields": {"deliverytermname": 2, "service_name": "Carriage to Port of Import", "who_pays": "Buyer", "create_date": "2020-12-17T09:19:09Z", "update_date": "2020-12-17T09:19:09Z"}}, {"model": "setting.deliveryterms", "pk": 57, "fields": {"deliverytermname": 2, "service_name": "Unloading Charges in Port of Import", "who_pays": "Buyer", "create_date": "2020-12-17T09:19:16Z", "update_date": "2020-12-17T09:19:16Z"}}, {"model": "setting.deliveryterms", "pk": 58, "fields": {"deliverytermname": 2, "service_name": "Loading on Truck in Port of Import", "who_pays": "Buyer", "create_date": "2020-12-17T09:19:24Z", "update_date": "2020-12-17T09:19:24Z"}}, {"model": "setting.deliveryterms", "pk": 59, "fields": {"deliverytermname": 2, "service_name": "Carriage to Place of Destination", "who_pays": "Buyer", "create_date": "2020-12-17T09:19:32Z", "update_date": "2020-12-17T09:19:32Z"}}, {"model": "setting.deliveryterms", "pk": 60, "fields": {"deliverytermname": 2, "service_name": "Insurance", "who_pays": "Buyer", "create_date": "2020-12-17T09:19:38Z", "update_date": "2020-12-17T09:19:38Z"}}, {"model": "setting.deliveryterms", "pk": 61, "fields": {"deliverytermname": 2, "service_name": "Import Customs Clearance", "who_pays": "Buyer", "create_date": "2020-12-17T09:19:45Z", "update_date": "2020-12-17T09:19:45Z"}}, {"model": "setting.deliveryterms", "pk": 62, "fields": {"deliverytermname": 2, "service_name": "Import Taxes", "who_pays": "Buyer", "create_date": "2020-12-17T09:19:55Z", "update_date": "2020-12-17T09:19:55Z"}}, {"model": "setting.deliveryterms", "pk": 63, "fields": {"deliverytermname": 6, "service_name": "Loading on Truck", "who_pays": "Seller", "create_date": "2020-12-17T09:20:04Z", "update_date": "2020-12-17T09:20:04Z"}}, {"model": "setting.deliveryterms", "pk": 64, "fields": {"deliverytermname": 6, "service_name": "Export-Customs Declaration", "who_pays": "Seller", "create_date": "2020-12-17T09:20:20Z", "update_date": "2020-12-17T09:20:20Z"}}, {"model": "setting.deliveryterms", "pk": 65, "fields": {"deliverytermname": 6, "service_name": "Carriage to Port of Export", "who_pays": "Seller", "create_date": "2020-12-17T09:20:27Z", "update_date": "2020-12-17T09:20:27Z"}}, {"model": "setting.deliveryterms", "pk": 66, "fields": {"deliverytermname": 6, "service_name": "Unloading of Truck in Port of Export", "who_pays": "Seller", "create_date": "2020-12-17T09:20:38Z", "update_date": "2020-12-17T09:20:38Z"}}, {"model": "setting.deliveryterms", "pk": 67, "fields": {"deliverytermname": 6, "service_name": "Loading Charges in Port of Export", "who_pays": "Seller", "create_date": "2020-12-17T09:20:47Z", "update_date": "2020-12-17T09:20:47Z"}}, {"model": "setting.deliveryterms", "pk": 68, "fields": {"deliverytermname": 6, "service_name": "Carriage to Port of Import", "who_pays": "Seller", "create_date": "2020-12-17T09:21:04Z", "update_date": "2020-12-17T09:21:04Z"}}, {"model": "setting.deliveryterms", "pk": 69, "fields": {"deliverytermname": 6, "service_name": "Unloading Charges in Port of Import", "who_pays": "Seller", "create_date": "2020-12-17T09:21:15Z", "update_date": "2020-12-17T09:21:15Z"}}, {"model": "setting.deliveryterms", "pk": 70, "fields": {"deliverytermname": 6, "service_name": "Loading on Truck in Port of Import", "who_pays": "Buyer", "create_date": "2020-12-17T09:21:33Z", "update_date": "2020-12-17T09:21:33Z"}}, {"model": "setting.deliveryterms", "pk": 71, "fields": {"deliverytermname": 6, "service_name": "Carriage to Place of Destination", "who_pays": "Buyer", "create_date": "2020-12-17T09:21:51Z", "update_date": "2020-12-17T09:21:51Z"}}, {"model": "setting.deliveryterms", "pk": 72, "fields": {"deliverytermname": 6, "service_name": "Insurance", "who_pays": "Seller", "create_date": "2020-12-17T09:22:03Z", "update_date": "2020-12-17T09:22:03Z"}}, {"model": "setting.deliveryterms", "pk": 73, "fields": {"deliverytermname": 6, "service_name": "Import Customs Clearance", "who_pays": "Buyer", "create_date": "2020-12-17T09:22:10Z", "update_date": "2020-12-17T09:22:10Z"}}, {"model": "setting.deliveryterms", "pk": 74, "fields": {"deliverytermname": 6, "service_name": "Import Taxes", "who_pays": "Buyer", "create_date": "2020-12-17T09:22:16Z", "update_date": "2020-12-17T09:22:16Z"}}, {"model": "setting.deliveryterms", "pk": 75, "fields": {"deliverytermname": 7, "service_name": "Loading on Truck", "who_pays": "Seller", "create_date": "2020-12-17T09:22:22Z", "update_date": "2020-12-17T09:22:22Z"}}, {"model": "setting.deliveryterms", "pk": 76, "fields": {"deliverytermname": 7, "service_name": "Export-Customs Declaration", "who_pays": "Seller", "create_date": "2020-12-17T09:26:07Z", "update_date": "2020-12-17T09:26:07Z"}}, {"model": "setting.deliveryterms", "pk": 77, "fields": {"deliverytermname": 7, "service_name": "Carriage to Port of Export", "who_pays": "Seller", "create_date": "2020-12-17T09:26:25Z", "update_date": "2020-12-17T09:26:25Z"}}, {"model": "setting.deliveryterms", "pk": 78, "fields": {"deliverytermname": 7, "service_name": "Unloading of Truck in Port of Export", "who_pays": "Seller", "create_date": "2020-12-17T09:26:31Z", "update_date": "2020-12-17T09:26:31Z"}}, {"model": "setting.deliveryterms", "pk": 79, "fields": {"deliverytermname": 7, "service_name": "Loading Charges in Port of Export", "who_pays": "Seller", "create_date": "2020-12-17T09:26:37Z", "update_date": "2020-12-17T09:26:37Z"}}, {"model": "setting.deliveryterms", "pk": 80, "fields": {"deliverytermname": 7, "service_name": "Carriage to Port of Import", "who_pays": "Seller", "create_date": "2020-12-17T09:26:47Z", "update_date": "2020-12-17T09:26:47Z"}}, {"model": "setting.deliveryterms", "pk": 81, "fields": {"deliverytermname": 7, "service_name": "Unloading Charges in Port of Import", "who_pays": "Seller", "create_date": "2020-12-17T09:26:55Z", "update_date": "2020-12-17T09:26:55Z"}}, {"model": "setting.deliveryterms", "pk": 82, "fields": {"deliverytermname": 7, "service_name": "Loading on Truck in Port of Import", "who_pays": "Seller", "create_date": "2020-12-17T09:27:06Z", "update_date": "2020-12-17T09:27:06Z"}}, {"model": "setting.deliveryterms", "pk": 83, "fields": {"deliverytermname": 7, "service_name": "Carriage to Place of Destination", "who_pays": "Seller", "create_date": "2020-12-17T09:27:14Z", "update_date": "2020-12-17T09:27:14Z"}}, {"model": "setting.deliveryterms", "pk": 84, "fields": {"deliverytermname": 7, "service_name": "Insurance", "who_pays": "Seller", "create_date": "2020-12-17T09:27:23Z", "update_date": "2020-12-17T09:27:23Z"}}, {"model": "setting.deliveryterms", "pk": 85, "fields": {"deliverytermname": 7, "service_name": "Import Customs Clearance", "who_pays": "Buyer", "create_date": "2020-12-17T09:27:34Z", "update_date": "2020-12-17T09:27:34Z"}}, {"model": "setting.deliveryterms", "pk": 86, "fields": {"deliverytermname": 7, "service_name": "Import Taxes", "who_pays": "Buyer", "create_date": "2020-12-17T09:27:40Z", "update_date": "2020-12-17T09:27:40Z"}}, {"model": "setting.deliveryterms", "pk": 87, "fields": {"deliverytermname": 8, "service_name": "Loading on Truck", "who_pays": "Seller", "create_date": "2020-12-17T09:27:50Z", "update_date": "2020-12-17T09:27:50Z"}}, {"model": "setting.deliveryterms", "pk": 88, "fields": {"deliverytermname": 8, "service_name": "Export-Customs Declaration", "who_pays": "Seller", "create_date": "2020-12-17T09:28:09Z", "update_date": "2020-12-17T09:28:09Z"}}, {"model": "setting.deliveryterms", "pk": 89, "fields": {"deliverytermname": 8, "service_name": "Carriage to Port of Export", "who_pays": "Seller", "create_date": "2020-12-17T09:28:16Z", "update_date": "2020-12-17T09:28:16Z"}}, {"model": "setting.deliveryterms", "pk": 90, "fields": {"deliverytermname": 8, "service_name": "Unloading of Truck in Port of Export", "who_pays": "Seller", "create_date": "2020-12-17T09:28:24Z", "update_date": "2020-12-17T09:28:24Z"}}, {"model": "setting.deliveryterms", "pk": 91, "fields": {"deliverytermname": 8, "service_name": "Loading Charges in Port of Export", "who_pays": "Seller", "create_date": "2020-12-17T09:28:32Z", "update_date": "2020-12-17T09:28:32Z"}}, {"model": "setting.deliveryterms", "pk": 92, "fields": {"deliverytermname": 8, "service_name": "Carriage to Port of Import", "who_pays": "Seller", "create_date": "2020-12-17T09:28:41Z", "update_date": "2020-12-17T09:28:41Z"}}, {"model": "setting.deliveryterms", "pk": 93, "fields": {"deliverytermname": 8, "service_name": "Unloading Charges in Port of Import", "who_pays": "Seller", "create_date": "2020-12-17T09:28:49Z", "update_date": "2020-12-17T09:28:49Z"}}, {"model": "setting.deliveryterms", "pk": 94, "fields": {"deliverytermname": 8, "service_name": "Loading on Truck in Port of Import", "who_pays": "Seller", "create_date": "2020-12-17T09:28:58Z", "update_date": "2020-12-17T09:28:58Z"}}, {"model": "setting.deliveryterms", "pk": 95, "fields": {"deliverytermname": 8, "service_name": "Carriage to Place of Destination", "who_pays": "Seller", "create_date": "2020-12-17T09:29:09Z", "update_date": "2020-12-17T09:29:09Z"}}, {"model": "setting.deliveryterms", "pk": 96, "fields": {"deliverytermname": 8, "service_name": "Insurance", "who_pays": "Seller", "create_date": "2020-12-17T09:29:21Z", "update_date": "2020-12-17T09:29:21Z"}}, {"model": "setting.deliveryterms", "pk": 97, "fields": {"deliverytermname": 8, "service_name": "Import Customs Clearance", "who_pays": "Buyer", "create_date": "2020-12-17T09:29:31Z", "update_date": "2020-12-17T09:29:31Z"}}, {"model": "setting.deliveryterms", "pk": 98, "fields": {"deliverytermname": 8, "service_name": "Import Taxes", "who_pays": "Buyer", "create_date": "2020-12-17T09:29:40Z", "update_date": "2020-12-17T09:29:40Z"}}, {"model": "setting.deliveryterms", "pk": 99, "fields": {"deliverytermname": 9, "service_name": "Loading on Truck", "who_pays": "Seller", "create_date": "2020-12-17T09:29:46Z", "update_date": "2020-12-17T09:29:46Z"}}, {"model": "setting.deliveryterms", "pk": 100, "fields": {"deliverytermname": 9, "service_name": "Export-Customs Declaration", "who_pays": "Seller", "create_date": "2020-12-17T09:30:13Z", "update_date": "2020-12-17T09:30:13Z"}}, {"model": "setting.deliveryterms", "pk": 101, "fields": {"deliverytermname": 9, "service_name": "Carriage to Port of Export", "who_pays": "Seller", "create_date": "2020-12-17T09:30:23Z", "update_date": "2020-12-17T09:30:23Z"}}, {"model": "setting.deliveryterms", "pk": 102, "fields": {"deliverytermname": 9, "service_name": "Unloading of Truck in Port of Export", "who_pays": "Seller", "create_date": "2020-12-17T09:30:31Z", "update_date": "2020-12-17T09:30:31Z"}}, {"model": "setting.deliveryterms", "pk": 103, "fields": {"deliverytermname": 9, "service_name": "Loading Charges in Port of Export", "who_pays": "Seller", "create_date": "2020-12-17T09:30:38Z", "update_date": "2020-12-17T09:30:38Z"}}, {"model": "setting.deliveryterms", "pk": 104, "fields": {"deliverytermname": 9, "service_name": "Carriage to Port of Import", "who_pays": "Seller", "create_date": "2020-12-17T09:30:45Z", "update_date": "2020-12-17T09:30:45Z"}}, {"model": "setting.deliveryterms", "pk": 105, "fields": {"deliverytermname": 9, "service_name": "Unloading Charges in Port of Import", "who_pays": "Seller", "create_date": "2020-12-17T09:30:54Z", "update_date": "2020-12-17T09:30:54Z"}}, {"model": "setting.deliveryterms", "pk": 106, "fields": {"deliverytermname": 9, "service_name": "Loading on Truck in Port of Import", "who_pays": "Seller", "create_date": "2020-12-17T09:31:06Z", "update_date": "2020-12-17T09:31:06Z"}}, {"model": "setting.deliveryterms", "pk": 107, "fields": {"deliverytermname": 9, "service_name": "Carriage to Place of Destination", "who_pays": "Seller", "create_date": "2020-12-17T09:31:15Z", "update_date": "2020-12-17T09:31:15Z"}}, {"model": "setting.deliveryterms", "pk": 108, "fields": {"deliverytermname": 9, "service_name": "Insurance", "who_pays": "Buyer", "create_date": "2020-12-17T09:31:22Z", "update_date": "2020-12-17T09:31:22Z"}}, {"model": "setting.deliveryterms", "pk": 109, "fields": {"deliverytermname": 9, "service_name": "Import Customs Clearance", "who_pays": "Buyer", "create_date": "2020-12-17T09:31:28Z", "update_date": "2020-12-17T09:31:28Z"}}, {"model": "setting.deliveryterms", "pk": 110, "fields": {"deliverytermname": 9, "service_name": "Import Taxes", "who_pays": "Buyer", "create_date": "2020-12-17T09:31:34Z", "update_date": "2020-12-17T09:31:34Z"}}, {"model": "setting.deliveryterms", "pk": 111, "fields": {"deliverytermname": 10, "service_name": "Loading on Truck", "who_pays": "Seller", "create_date": "2020-12-17T09:31:44Z", "update_date": "2020-12-17T09:31:44Z"}}, {"model": "setting.deliveryterms", "pk": 112, "fields": {"deliverytermname": 10, "service_name": "Export-Customs Declaration", "who_pays": "Seller", "create_date": "2020-12-17T09:31:55Z", "update_date": "2020-12-17T09:31:55Z"}}, {"model": "setting.deliveryterms", "pk": 113, "fields": {"deliverytermname": 10, "service_name": "Carriage to Port of Export", "who_pays": "Seller", "create_date": "2020-12-17T09:32:03Z", "update_date": "2020-12-17T09:32:03Z"}}, {"model": "setting.deliveryterms", "pk": 114, "fields": {"deliverytermname": 10, "service_name": "Unloading of Truck in Port of Export", "who_pays": "Seller", "create_date": "2020-12-17T09:32:10Z", "update_date": "2020-12-17T09:32:10Z"}}, {"model": "setting.deliveryterms", "pk": 115, "fields": {"deliverytermname": 10, "service_name": "Loading Charges in Port of Export", "who_pays": "Seller", "create_date": "2020-12-17T09:32:19Z", "update_date": "2020-12-17T09:32:19Z"}}, {"model": "setting.deliveryterms", "pk": 116, "fields": {"deliverytermname": 10, "service_name": "Carriage to Port of Import", "who_pays": "Seller", "create_date": "2020-12-17T09:32:27Z", "update_date": "2020-12-17T09:32:27Z"}}, {"model": "setting.deliveryterms", "pk": 117, "fields": {"deliverytermname": 10, "service_name": "Unloading Charges in Port of Import", "who_pays": "Seller", "create_date": "2020-12-17T09:32:36Z", "update_date": "2020-12-17T09:32:36Z"}}, {"model": "setting.deliveryterms", "pk": 118, "fields": {"deliverytermname": 10, "service_name": "Loading on Truck in Port of Import", "who_pays": "Seller", "create_date": "2020-12-17T09:32:50Z", "update_date": "2020-12-17T09:32:50Z"}}, {"model": "setting.deliveryterms", "pk": 119, "fields": {"deliverytermname": 10, "service_name": "Carriage to Place of Destination", "who_pays": "Seller", "create_date": "2020-12-17T09:32:59Z", "update_date": "2020-12-17T09:32:59Z"}}, {"model": "setting.deliveryterms", "pk": 120, "fields": {"deliverytermname": 10, "service_name": "Insurance", "who_pays": "Seller", "create_date": "2020-12-17T09:33:11Z", "update_date": "2020-12-17T09:33:11Z"}}, {"model": "setting.deliveryterms", "pk": 121, "fields": {"deliverytermname": 10, "service_name": "Import Customs Clearance", "who_pays": "Buyer", "create_date": "2020-12-17T09:33:20Z", "update_date": "2020-12-17T09:33:20Z"}}, {"model": "setting.deliveryterms", "pk": 122, "fields": {"deliverytermname": 10, "service_name": "Import Taxes", "who_pays": "Buyer", "create_date": "2020-12-17T09:33:33Z", "update_date": "2020-12-17T09:33:33Z"}}, {"model": "setting.deliveryterms", "pk": 123, "fields": {"deliverytermname": 11, "service_name": "Loading on Truck", "who_pays": "Seller", "create_date": "2020-12-17T09:33:40Z", "update_date": "2020-12-17T09:33:40Z"}}, {"model": "setting.deliveryterms", "pk": 124, "fields": {"deliverytermname": 11, "service_name": "Export-Customs Declaration", "who_pays": "Seller", "create_date": "2020-12-17T09:33:47Z", "update_date": "2020-12-17T09:33:47Z"}}, {"model": "setting.deliveryterms", "pk": 125, "fields": {"deliverytermname": 11, "service_name": "Carriage to Port of Export", "who_pays": "Seller", "create_date": "2020-12-17T09:33:53Z", "update_date": "2020-12-17T09:33:53Z"}}, {"model": "setting.deliveryterms", "pk": 126, "fields": {"deliverytermname": 11, "service_name": "Unloading of Truck in Port of Export", "who_pays": "Seller", "create_date": "2020-12-17T09:34:00Z", "update_date": "2020-12-17T09:34:00Z"}}, {"model": "setting.deliveryterms", "pk": 127, "fields": {"deliverytermname": 11, "service_name": "Loading Charges in Port of Export", "who_pays": "Seller", "create_date": "2020-12-17T09:34:07Z", "update_date": "2020-12-17T09:34:07Z"}}, {"model": "setting.deliveryterms", "pk": 128, "fields": {"deliverytermname": 11, "service_name": "Carriage to Port of Import", "who_pays": "Seller", "create_date": "2020-12-17T09:34:16Z", "update_date": "2020-12-17T09:34:16Z"}}, {"model": "setting.deliveryterms", "pk": 129, "fields": {"deliverytermname": 11, "service_name": "Unloading Charges in Port of Import", "who_pays": "Seller", "create_date": "2020-12-17T09:34:25Z", "update_date": "2020-12-17T09:34:25Z"}}, {"model": "setting.deliveryterms", "pk": 130, "fields": {"deliverytermname": 11, "service_name": "Loading on Truck in Port of Import", "who_pays": "Seller", "create_date": "2020-12-17T09:34:31Z", "update_date": "2020-12-17T09:34:31Z"}}, {"model": "setting.deliveryterms", "pk": 131, "fields": {"deliverytermname": 11, "service_name": "Carriage to Place of Destination", "who_pays": "Seller", "create_date": "2020-12-17T09:34:38Z", "update_date": "2020-12-17T09:34:38Z"}}, {"model": "setting.deliveryterms", "pk": 132, "fields": {"deliverytermname": 11, "service_name": "Insurance", "who_pays": "Seller", "create_date": "2020-12-17T09:34:49Z", "update_date": "2020-12-17T09:34:49Z"}}, {"model": "setting.deliveryterms", "pk": 133, "fields": {"deliverytermname": 11, "service_name": "Import Customs Clearance", "who_pays": "Seller", "create_date": "2020-12-17T09:35:02Z", "update_date": "2020-12-17T09:35:02Z"}}, {"model": "setting.deliveryterms", "pk": 134, "fields": {"deliverytermname": 11, "service_name": "Import Taxes", "who_pays": "Seller", "create_date": "2020-12-17T09:35:10Z", "update_date": "2020-12-17T09:35:10Z"}}]
